Duty Cycle,Flow,STD
100,72.77,0.174814187
90,67.4175,0.249537071
80,61.632,0.109799818
40,46.38,0.239930546
20,40.788,0.102254584
0,33.832,0.224267697